{"sidebar":{"search-2":{"title":""},"single_category_posts_widget-2":{"title":"Featured Category","cat":6,"title_length":7,"qty":3,"comment_num":1,"date":1,"show_thumb1":1,"box_layout":"horizontal-small","show_excerpt":0,"excerpt_length":10},"mts_ad_widget-2":{"title":"Our Sponsors","ad1":"http:\/\/demo.mythemeshop.com\/magazine\/wp-content\/themes\/magazine\/images\/125x125.png","ad2":"http:\/\/demo.mythemeshop.com\/magazine\/wp-content\/themes\/magazine\/images\/125x125.png","ad3":"","ad4":"","ad5":"","ad6":"","link1":"http:\/\/mythemeshop.com\/","link2":"http:\/\/mythemeshop.com\/","link3":"","link4":"","link5":"","link6":"","random":null},"mts_ad_300_widget-2":{"title":"","ad":"http:\/\/demo.mythemeshop.com\/magazine\/wp-content\/themes\/magazine\/images\/300x250.png","link":"http:\/\/mythemeshop.com\/"},"wp_subscribe-2":{"title":"Get more stuff","service":"feedburner","feedburner_id":"","mailchimp_api_key":"","mailchimp_list_id":"","mailchimp_double_optin":"0","aweber_list_id":"","getresponse_api_key":"","getresponse_list_id":"","include_name_field":"0","text":"Subscribe to our mailing list and get interesting stuff and updates to your email inbox.","name_placeholder":"Enter your name here","email_placeholder":"Enter your email here","button_text":"Sign Up Now","success_message":"Thank you for subscribing.","error_message":"Something went wrong.","footer_text":"we respect your privacy and take protecting it seriously","background_color":"#f64f4f","title_color":"#FFFFFF","text_color":"#FFFFFF","field_text_color":"#FFFFFF","field_background_color":"#ff6e6e","button_text_color":"#f64f4f","button_background_color":"#FFFFFF","footer_text_color":"#FFFFFF","mailerlite_api_key":"","mailerlite_list_id":"","benchmark_user":"N8FnGO1Y","benchmark_pass":"$7^o^&sNTnICD1MUbD","benchmark_list_name":"","constantcontact_api_key":"","constantcontact_token":"","constantcontact_list_id":"","thanks_page":"0","thanks_page_url":""},"wpt_widget-2":{"tabs":{"popular":"1","recent":"1","comments":"1","tags":"1"},"tab_order":{"popular":"1","recent":"2","comments":"3","tags":"4"},"allow_pagination":"1","post_num":"5","title_length":"15","comment_num":"5","show_thumb":"1","thumb_size":"small","show_date":"1","show_excerpt":null,"excerpt_length":"15","show_comment_num":null,"show_avatar":"1","show_love":null}},"footer-first":{"text-2":{"title":"Text Widget","text":"Lorem ipsum dolor sit amet, contetur adipisicing elit, sed do eiusmod tempor incididunt ut <a href=\"#\">labore<\/a> et dolore magna aliqua. Ut enim ad minim veniam, quis nostrud exercitation ullamco laboris nisi ut aliquip ex ea commodo consequat. Duis aute irure dolor in reprehenderit in voluptate velit esse cillum dolore eu fugiat nulla pariatur.","filter":false}},"footer-first-2":{"single_category_posts_widget-3":{"title":"Featured Category","cat":2,"title_length":7,"qty":2,"comment_num":1,"date":1,"show_thumb1":1,"box_layout":"horizontal-small","show_excerpt":0,"excerpt_length":10}},"footer-first-3":{"tag_cloud-2":{"title":"","taxonomy":"post_tag"}},"footer-first-4":{"social-profile-icons-2":{"title":"Connect With Us","facebook":"#","behance":"#","flickr":"#","gplus":"#","pinterest":"#","instagram":"#","dribbble":"#","linkedin":"#","soundcloud":"#","twitter":"#","vimeo":"#","stumbleupon":"#","tumblr":"#","github":"#","youtube":"#","foursquare":"#","reddit":"#","dropbox":"#","skype":"#","email":"#","rss":"#"}}}