{"sidebar-1":{"search-2":{"title":""},"mts_ad_300_widget-2":{"title":"","ad":"http:\/\/demo.mythemeshop.com\/style\/wp-content\/themes\/style\/images\/300x250.gif","link":"http:\/\/mythemeshop.com\/"},"tab-2":{"popular_post_num":"3","recent_post_num":"3"},"mts_ad_widget-2":{"title":"Our Sponsors","ad1":"http:\/\/demo.mythemeshop.com\/style\/wp-content\/themes\/style\/images\/125x125.gif","ad2":"http:\/\/demo.mythemeshop.com\/style\/wp-content\/themes\/style\/images\/125x125.gif","ad3":"","ad4":"","ad5":"","ad6":"","link1":"http:\/\/mythemeshop.com\/","link2":"http:\/\/mythemeshop.com\/","link3":"","link4":"","link5":"","link6":"","random":null},"mts_pp-widget-2":{"posts":"3","show_images":true},"advanced-recent-posts-3":{"title":"","count":"2","include_post_thumbnail":"false","include_post_excerpt":"false","truncate_post_title":"","truncate_post_title_type":"char","truncate_post_excerpt":"","truncate_post_excerpt_type":"char","truncate_elipsis":"...","post_thumbnail_width":"","post_thumbnail_height":"","widget_output_template":null,"show_expert_options":""}},"footer-1":{"text-2":{"title":"Proin vestibulum","text":"Proin vestibulum. Ut ligula. Nullam sed dolor id odio volutpat pulvinar. Integer a leo. In et eros at neque pretium sagittis. Sed sodales lorem a ipsum suscipit gravida. Ut fringilla placerat arcu. Phasellus imperdiet. Mauris ac justo et turpis pharetra vulputate.","filter":false}},"footer-2":{"advanced-recent-posts-2":{"title":"","count":"2","include_post_thumbnail":"false","include_post_excerpt":"false","truncate_post_title":"","truncate_post_title_type":"char","truncate_post_excerpt":"","truncate_post_excerpt_type":"char","truncate_elipsis":"...","post_thumbnail_width":"","post_thumbnail_height":"","widget_output_template":null,"show_expert_options":""}},"footer-3":{"mts_subscribe_widget-2":{"title":"","desc":""},"social-profile-icons-2":{"title":"","dribbble":"#","email":"#","facebook":"#","gplus":"#","linkedin":"#","pinterest":"#","rss":"#","stumbleupon":"#","twitter":"#","youtube":"#","flickr":"#","lastfm":"#","tumblr":"#","vimeo":"#"}}}