{"sidebar-1":{"tab-2":{"popular_post_num":"3","recent_post_num":"3","show_thumb4":"1","show_thumb5":"1","date1":"1","date2":"1","comment_num1":"1","comment_num2":"1"},"social-profile-icons-2":{"title":"Follow Us","dribbble":"#","email":"#","facebook":"#","gplus":"#","linkedin":"#","pinterest":"#","rss":"#","stumbleupon":"#","twitter":"#","youtube":"#","flickr":"#","lastfm":"#","tumblr":"#","vimeo":"#"},"mts_poluar_posts_widget-2":{"title":"Popular Posts","qty":3,"comment_num":1,"date":1,"days":9999,"show_thumb3":1},"mts_ad_widget-2":{"title":"Our Sponsors","ad1":"http:\/\/demo.mythemeshop.com\/clock\/wp-content\/themes\/clock\/images\/125x125.gif","ad2":"http:\/\/demo.mythemeshop.com\/clock\/wp-content\/themes\/clock\/images\/125x125.gif","ad3":"","ad4":"","ad5":"","ad6":"","link1":"http:\/\/mythemeshop.com\/","link2":"http:\/\/mythemeshop.com\/","link3":"","link4":"","link5":"","link6":"","random":null}},"footer-1":{"text-2":{"title":"Subscribe","text":"Lorem ipsum dolor sit amet, <a href=\"#\">consectetur<\/a> adipiscing elit. Non enim quaero quid verum, sed quid cuique dicendum sit. Duo Reges: constructio interrete.","filter":false},"mts_subscribe_widget-2":{"title":"","desc":""},"mts_recent_posts_widget-2":{"title":"Recent Posts","qty":2,"comment_num":1,"date":1,"show_thumb2":1}},"footer-2":{"tag_cloud-3":{"title":"","taxonomy":"post_tag"},"mts_widget_recent_tweets-2":{"title":"Latest Tweets","consumerkey":"uALGWYZANMHuIz8SnJx6A","consumersecret":"h85rBBN1C54EDAlKM06itZho1EKfkB9xsJThMwE","accesstoken":"28959960-PSRUVP19F74YJ8F1rYSs6cnjaqxPqwxyBv68I0vF9","accesstokensecret":"kCTN92q50F8MnIUmi4hbanYbChTmuJJp5K3e3aUGA","cachetime":"24","username":"mythemeshopteam","tweetstoshow":"2"}},"footer-3":{"single_category_posts_widget-2":{"title":"Featured Category","cat":12,"qty":2,"comment_num":1,"date":1,"show_thumb1":1}},"shop-sidebar":{"woocommerce_widget_cart-2":{"title":"Cart","hide_if_empty":1},"woocommerce_price_filter-2":{"title":"Filter by price"},"woocommerce_top_rated_products-2":{"title":"Top Rated Products","number":3},"woocommerce_recent_reviews-2":{"title":"Recent Reviews","number":3}},"product-sidebar":{"woocommerce_widget_cart-3":{"title":"Cart","hide_if_empty":1},"woocommerce_products-2":{"title":"Products","number":3,"show":"","orderby":"date","order":"desc","hide_free":0,"show_hidden":0},"woocommerce_recently_viewed_products-2":{"title":"Recently Viewed Products","number":3}}}